-- MySQL dump 10.13  Distrib 5.6.17, for Win32 (x86)
--
-- Host: localhost    Database: minisuper
-- ------------------------------------------------------
-- Server version	5.6.22-log

/*!40101 SET @OLD_CHARACTER_SET_CLIENT=@@CHARACTER_SET_CLIENT */;
/*!40101 SET @OLD_CHARACTER_SET_RESULTS=@@CHARACTER_SET_RESULTS */;
/*!40101 SET @OLD_COLLATION_CONNECTION=@@COLLATION_CONNECTION */;
/*!40101 SET NAMES utf8 */;
/*!40103 SET @OLD_TIME_ZONE=@@TIME_ZONE */;
/*!40103 SET TIME_ZONE='+00:00' */;
/*!40014 SET @OLD_UNIQUE_CHECKS=@@UNIQUE_CHECKS, UNIQUE_CHECKS=0 */;
/*!40014 SET @OLD_FOREIGN_KEY_CHECKS=@@FOREIGN_KEY_CHECKS, FOREIGN_KEY_CHECKS=0 */;
/*!40101 SET @OLD_SQL_MODE=@@SQL_MODE, SQL_MODE='NO_AUTO_VALUE_ON_ZERO' */;
/*!40111 SET @OLD_SQL_NOTES=@@SQL_NOTES, SQL_NOTES=0 */;

--
-- Dumping data for table `clientes`
--

LOCK TABLES `clientes` WRITE;
/*!40000 ALTER TABLE `clientes` DISABLE KEYS */;
/*!40000 ALTER TABLE `clientes` ENABLE KEYS */;
UNLOCK TABLES;

--
-- Dumping data for table `detalle_ventas`
--

LOCK TABLES `detalle_ventas` WRITE;
/*!40000 ALTER TABLE `detalle_ventas` DISABLE KEYS */;
INSERT INTO `detalle_ventas` VALUES (38,725181068013,1,6),(39,725181068013,1,6),(40,7503015640115,1,12),(41,7502208800077,1,15.5),(42,725181068013,1,6),(43,7501050420075,1,8),(44,7503004361038,1,6.5),(45,7503004361069,1,8),(46,13,1,29),(47,724869000260,1,40),(48,7502208804013,1,33),(49,724869100106,1,46.5),(50,7502225960013,1,51),(51,7502225962512,1,44),(52,759686641518,1,43),(53,7506174502652,3,8),(54,7501049416157,1,14),(55,7503004361014,1,7),(56,7502208805171,1,14),(57,7502208804020,1,33),(58,7502253920010,1,26),(59,7503004361052,1,8),(60,7503005195533,1,33),(61,7502208805454,1,17),(62,7502208800558,1,15.5),(63,28,1,2),(64,75043759,2,1.5),(65,38000846755,1,12),(66,7503004211036,1,20),(67,38000846731,1,12),(68,26,1,2),(69,75021184,1,6),(70,7502208800084,1,18.5),(71,724869000260,1,40),(72,790203019113,2,3),(73,719886400094,1,3),(74,719886400094,1,3),(75,27,3,1),(76,7503004361038,1,6.5),(77,719886212437,1,3),(78,615919000012,2,5),(79,26,3,2),(80,21,2,1),(81,28,1,2),(82,30,2,3),(83,7502208805171,1,14),(84,7503004361014,1,7),(85,41165936384,1,25),(86,19,1,15),(87,22,1,1),(88,75021184,2,6),(89,7503004211036,1,20),(90,719886867637,1,3),(91,20,1,1),(92,790203019113,1,3),(93,724869003315,1,18.5),(94,7503013673344,1,30),(95,24,1,1.5),(96,75043711,1,1.5),(97,75043728,1,1.5),(98,725181203018,1,6),(99,7501431207325,1,15.5),(100,7502208805454,1,17),(101,7503004361045,1,6.5),(102,7503004361038,1,6.5),(103,7502208800077,1,15.5),(104,7502253920010,1,26),(105,7503004327102,2,6),(106,725181389019,1,6),(107,7506304500008,1,26.5),(108,28,1,2),(109,21,5,1),(110,38000846748,1,12),(111,757528013882,1,2),(112,20,1,1),(113,20,2,1),(114,7501060401033,1,47),(115,75024635,2,3),(116,38000846748,1,12),(117,790203019113,1,3),(118,75024635,1,3),(119,615919000012,1,5),(120,615919000197,1,26.5),(121,7502208800077,1,15.5),(122,7503004361014,1,7),(123,31,1,18),(124,7501050420075,1,8),(125,32,1,24),(126,18,1,26),(127,33,1,40),(128,759686641518,1,43),(129,7501575504038,1,8),(130,7502208804013,1,33),(131,7501431204164,1,21),(132,7503019371114,1,46),(133,615919000012,1,5),(134,725181249016,3,6),(135,38000846755,1,12),(136,38000846748,1,12),(137,75024635,1,3),(138,759686661684,1,2),(139,38000846748,1,12),(140,75024635,1,3),(141,759686661684,1,2),(142,615919000012,2,5),(143,18804011252,1,4),(144,790203019113,2,3),(145,26,4,2),(146,24,7,1.5),(147,615919000012,1,5),(148,615919000012,1,5),(149,38000846755,1,12),(150,7502250392247,1,2),(151,7503013673344,1,30),(152,7502208800084,1,18.5),(153,25,1,4),(154,25,1,4),(155,7502208805454,1,17),(156,7502208800091,1,19.5),(157,38000846731,1,12),(158,724869003292,1,18.5),(159,759686562189,1,2),(160,7503013673344,2,30),(161,790203019113,3,3),(162,27,1,1),(163,18,1,26),(164,7502208800022,1,13),(165,32,1,24),(166,32,1,24),(167,719886867637,1,3),(168,21,1,1),(169,75043711,1,1.5),(170,28,1,2),(171,75021184,3,6),(172,22,3,1),(173,28,1,2),(174,759686001183,1,1.5),(175,7501431204164,1,21),(176,21,5,1),(177,615919000012,1,5),(178,23,1,3),(179,759686562189,1,2),(180,18,1,26),(181,7502250392247,2,2),(182,7503004211036,1,20),(183,7502208800077,1,15.5),(184,75038441,3,2),(185,75021184,2,6),(186,759686562189,2,2),(187,7506174502652,1,8),(188,75038519,1,3),(189,7502208805454,1,17),(190,7502208800558,1,15.5),(191,7503013673016,1,33),(192,7503005195533,1,33),(193,7501059284555,2,12.5),(194,32,1,24),(195,75024635,1,3),(196,75024635,1,3),(197,39,1,20),(198,75038519,1,3),(199,18,1,26),(200,7501050420068,1,15),(201,75038519,1,3),(202,75038519,1,3),(203,725181068013,1,6),(204,21,1,1),(205,21,1,1),(206,32,1,24),(207,7503004327102,1,6),(208,719886867637,1,3),(209,7622210267863,1,7),(210,75045623,1,3),(211,75030438,1,2),(212,7501050420075,1,8),(213,18,1,26),(214,27,3,1),(215,7502208800084,3,18.5),(216,7502208800558,2,15.5),(217,75024703,1,2),(218,21,6,1),(219,7502208805454,1,17),(220,7502208800084,1,18.5),(221,7501050420075,1,8),(222,18,1,26),(223,73854508001,1,20),(224,7501011145566,6,5),(225,724869003292,1,18.5),(226,75043711,1,1.5),(227,7503005195533,1,33),(228,7503013673344,1,30),(229,7503013673344,2,30),(230,725181249016,2,6),(231,18804011252,1,4),(232,26,1,2),(233,7501063900076,2,1.5),(234,33,1,40),(235,33,1,40),(236,20,1,1),(237,27,1,1),(238,21,8,1),(240,7502208804013,1,33),(241,7503015145047,2,35),(242,40,1,10),(243,21,10,1),(244,7501431201088,1,7.5),(245,7503004361052,1,8),(246,7502208805454,1,17),(247,615919000012,1,5),(248,759686001183,1,1.5),(249,7503013673344,1,30),(250,21,5,1),(251,27,1,1),(252,7502250392247,2,2),(253,7502253920010,1,26),(254,7502208800084,1,18.5),(255,41165936384,1,25),(256,7502208800084,1,18.5),(257,7502208800077,1,15.5),(258,7502208805454,1,17),(259,7502208800077,1,15.5),(260,7502208805454,1,17),(261,7503013673344,3,30),(262,14,1,31),(263,16,1,33.5),(264,7501431204164,1,21),(265,7503004361052,1,8),(266,7501431207165,1,16.5),(267,7501050420068,1,15),(268,7503004211036,1,20),(269,18,1,26),(270,7503004361045,1,6.5),(271,7506174502645,1,8),(272,7502208805454,1,17),(273,7502208800091,1,19.5),(274,33,1,40),(275,661440000014,1,14),(276,7501431204089,1,12),(277,7502208800084,1,18.5),(278,7501006551051,1,9),(279,7502208800077,1,15.5),(280,7503005195533,1,33),(281,7501575504038,1,8),(282,7502208805454,1,17),(283,46,1,17.5),(284,7502208800152,1,27),(285,725181249016,1,6),(286,33,1,40),(287,7501431207325,1,15.5),(288,7503004361052,1,8),(289,7503004361069,1,8),(290,724869003315,1,18.5),(291,719886867637,2,3),(292,75024635,3,3),(293,75024703,3,2),(294,30,2,3),(295,18804011252,1,4),(296,18804011252,1,4),(297,7502208800084,1,18.5),(298,18,1,26),(299,7502208805454,1,17),(300,7502208800558,1,15.5),(301,7501431261105,2,8.5),(302,7501050420068,1,15),(303,7503004361045,1,6.5),(304,7503004361038,1,6.5),(305,3,1,151),(306,725181249016,1,6),(307,759686562189,2,2),(308,75038441,1,2),(309,7502208804013,1,33),(310,7503013673344,1,30),(311,7502208805218,1,12),(312,7503004361052,1,8),(313,7502208800107,1,20.5),(314,18,2,26),(315,7502208805454,1,17),(316,7502208804013,1,33),(317,7501050420075,1,8),(318,7503004361038,1,6.5),(319,7501431201088,1,7.5),(320,7502208800091,1,19.5),(321,7502208805171,1,14),(322,7503004361014,1,7),(323,7503004361052,1,8),(324,7502208800114,1,14.5),(325,7501060408537,1,16),(326,7501060408568,1,16),(327,725181203018,1,6),(328,7502208805454,3,17),(329,7502208805454,1,17),(330,7502208800084,1,18.5),(331,7502208800084,1,18.5),(332,7502208800084,1,18.5),(333,7501431207165,3,16.5),(334,7503004361052,2,8),(335,7503004361052,2,8),(336,7501050430043,1,9.5),(337,40,1,10),(338,7502208800558,1,15.5),(339,7503004361052,1,8),(340,7502208805454,1,17),(341,7502208800084,1,18.5),(342,33,4,40),(343,7502208800015,1,14.5),(344,7502208800114,1,14.5),(345,7502208800053,1,13.5),(346,47,1,13.5),(347,7503004211036,1,20),(348,7503004211036,1,20),(349,7502208805454,1,17),(350,7502208800077,1,15.5),(351,7503004361069,1,8),(352,18,1,26),(353,45,20,4),(354,724869003315,1,18.5),(355,49,1,20),(356,7501050430043,1,9.5),(357,605394112348,1,23.5),(358,759686661684,3,2),(359,615919000012,1,5),(360,38,1,10),(361,725226066660,1,2),(362,7503004361052,1,8),(363,7501050420068,1,15),(364,7502208804020,1,33),(365,725181249016,1,6),(366,7506174502652,1,8),(367,30,1,3),(368,75021184,1,6),(369,757528013882,1,2),(370,7622210072467,1,36.5),(371,725181128106,1,38.5),(372,725181068013,2,6),(373,725226066660,2,2),(374,7502208800152,1,27),(375,46,1,17.5),(376,7503004361052,1,8),(377,724869002295,1,4),(378,7023600146339,1,35),(379,615919000197,1,26.5),(380,799034170352,1,4),(381,725226066660,1,2),(382,7502208805454,1,17),(383,18,1,26),(384,7503004361045,1,6.5),(385,7501050420068,1,15),(386,7503004361038,1,6.5),(387,7502208804013,1,33),(388,7501431207325,1,15.5),(389,7502208804013,1,33),(390,16,1,33.5),(391,7501431207165,1,16.5),(392,7501431201088,1,7.5),(393,7503004361052,1,8),(394,50,1,28),(395,759686661684,1,2),(396,7501006551051,1,9),(397,725181068013,1,6),(398,7501431201125,1,10.5),(399,7501050420075,1,8),(400,7501431201125,1,10.5),(401,7502208805454,1,17),(402,7503013673344,3,30),(403,7502208800077,1,15.5),(404,7502208805454,1,17),(405,7503004211036,1,20),(406,7501431207165,1,16.5),(407,7501431204164,1,21),(408,7503004361052,2,8),(409,7506077411105,1,10),(410,724869000260,1,40),(411,75043711,1,1.5),(412,615919000012,1,5),(413,790203019113,1,3),(414,21,10,1),(415,20,1,1),(416,7501063900076,1,1.5),(417,18,1,26),(418,7501050420068,1,15),(419,32,1,24),(420,75038441,2,2),(421,75038441,1,2),(422,7502208800053,1,13.5),(423,7502208800046,1,13),(424,7503004361014,1,7),(425,719886400087,1,38),(426,7502208805225,1,11),(427,7502208800077,1,15.5),(428,7503004361021,1,7),(429,7501050430043,1,9.5),(430,7502208804013,1,33),(431,7501050430043,1,9.5),(432,14,1,31),(433,7503004211036,1,20),(434,18,1,26),(435,7502208805454,1,17),(436,20,34,1),(437,661440000014,3,14),(438,32,1,24),(439,7501050420051,1,29.5),(440,7502208800015,1,14.5),(441,7502208800077,1,15.5),(442,42,1,17),(443,31,1,18),(444,7503004361052,1,8),(445,7502208800091,2,19.5),(446,7502208805218,1,12),(447,7503004361052,1,8),(448,7502208800152,1,27),(449,46,1,17.5),(450,7502208800558,1,15.5),(451,7503015640115,1,12),(452,32,1,24),(453,7502208800084,1,18.5),(454,7502208804013,1,33),(455,703885003400,1,6),(456,7502208804013,1,33),(457,703885003400,1,6),(458,2,1,121),(459,7503004361038,1,6.5),(460,7502208805454,1,17),(461,7503015640108,1,9.5),(462,615919000012,1,5),(463,615919000012,1,5),(464,26,1,2),(465,75038441,2,2),(466,703885003400,1,6),(467,75038441,2,2),(468,7501011145566,1,5),(469,41,1,1),(470,26,2,2),(471,790203019113,1,3),(472,48,1,14.5),(473,7501050430043,1,9.5),(474,73854508001,1,20),(475,724869000260,1,40),(476,7502208805225,1,11),(477,7503004361045,1,6.5),(478,7502208805454,1,17),(479,18,1,26),(480,7501050420075,1,8),(481,7503013673344,3,30),(482,7503013673344,1,30),(483,7502208800046,1,13),(484,7503013673085,2,33),(485,7502208800077,1,15.5),(486,724869000260,1,40),(487,7502208805454,1,17),(488,7502208800558,1,15.5),(489,7502208800091,1,19.5),(490,75038441,2,2),(491,7503004361052,1,8),(492,16,1,33.5),(493,50,1,28),(494,7502208805171,4,14),(495,7503004361045,7,6.5),(496,7502208800558,2,15.5),(497,7502208800077,4,15.5),(498,7503015640115,1,12),(499,55,1,25),(500,7503013673085,1,33),(501,7502208804020,1,33),(502,7502208800107,1,20.5),(503,7501431207165,1,16.5),(504,7501431201088,1,7.5),(505,7503004361052,1,8),(506,7502208800084,1,18.5),(507,7503004211036,1,20),(508,7502253920010,1,26),(509,59,1,38.5),(510,724869002295,1,4),(511,7502208800015,1,14.5),(512,7503013673085,1,33),(513,7503015145047,1,35),(514,18,1,26),(515,7502208805454,1,17),(516,7501050420068,1,15),(517,32,1,24),(518,52,1,38),(519,7503004211036,1,20),(520,73854508001,1,20),(521,75038519,1,3),(522,7503015145047,1,35),(523,7502250392247,1,2),(524,759686843684,3,2),(525,75038441,1,2),(526,7502208800077,1,15.5),(527,7502208805454,1,17),(528,7503004361038,5,6.5),(529,7503004361021,1,7),(530,7503004361021,1,7),(531,7501050430043,1,9.5),(532,7503005195533,1,33),(533,59,1,38.5),(534,20,15,1),(535,725181389019,1,6),(536,53,5,1),(537,7503004361052,2,8),(538,7501050420051,1,29.5),(539,7502208804020,1,33),(540,16,1,33.5),(541,7023600146339,1,35),(542,7502208800022,1,13),(543,57,1,12),(544,724869003292,1,18.5),(545,7502208800053,2,13.5),(546,7501431201088,1,7.5),(547,7501431204164,1,21),(548,23,1,3),(549,7501050420075,1,8),(550,725181249016,1,6),(551,70378910003,1,23.5),(552,75038441,2,2),(553,799034170352,1,4),(554,759686460416,1,38),(555,724869000260,1,40),(556,31,2,18),(557,60,1,38.5),(558,615919000012,1,5),(559,7502208805454,1,17),(560,7502208800091,1,19.5),(561,18,1,26),(562,25,1,4),(563,25,1,4),(564,7501431204089,1,12),(565,7501431201088,1,7.5),(566,7501431207165,1,16.5),(567,7503013673344,3,30),(568,18,1,26),(569,7502208800077,1,15.5),(570,7502208800084,1,18.5),(571,7502208805454,1,17),(572,7502208805454,1,17),(573,7502208800084,1,18.5),(574,7503004361069,1,8),(575,7503004361052,1,8),(576,7502208800077,1,15.5),(577,7503004361014,1,7),(578,31,5,18),(579,7503013673344,3,30),(580,18,2,26),(581,7502208805454,1,17),(582,7502208804013,1,33),(583,7501050420068,1,15),(584,7503015640108,1,9.5),(585,16,1,33.5),(586,7503004361052,1,8),(587,7502208805454,1,17),(588,7502208800077,1,15.5),(589,32,1,24),(590,7502208800152,1,27),(591,46,1,17.5),(592,7503004361052,1,8),(593,16,1,33.5),(594,2,1,121),(595,7502208804020,1,33),(596,7502208800077,1,15.5),(597,7502208805454,1,17),(598,70378910003,1,23.5),(599,724869000260,1,40),(600,661440000014,1,14),(601,7502208800077,1,15.5),(602,7501060408568,1,16),(603,56,1,36.5),(604,32,1,24),(605,61,1,38.5),(606,7503004361045,2,6.5),(607,31,8,18),(608,16,1,33.5),(609,7503004361052,1,8),(610,7501431201088,1,7.5),(611,661440000014,2,14),(612,18,2,26),(613,7502208805454,1,17),(614,7502208805225,1,11),(615,605394112348,1,23.5),(616,70378910003,1,23.5),(617,58,1,38.5),(618,7502208800091,1,19.5),(619,7501050420068,1,15),(620,7502208805454,1,17),(621,55,1,25),(622,34587090277,1,6.5),(623,7503004361069,1,8),(624,7503004361014,1,7),(625,7502208805225,1,11),(626,7500326102226,1,43),(627,73854508001,1,20),(628,69,1,30),(629,7502208800053,1,13.5),(630,69,1,30),(631,799034170352,1,4),(632,7501431201088,1,7.5),(633,7503005195533,1,33),(634,7502208804013,1,33),(635,7502208800046,1,13),(636,7502208805454,1,17),(637,7503005195533,2,33),(638,7501369812226,2,4.5),(639,7502208800084,1,18.5),(640,7502208800152,1,27),(641,46,1,17.5),(642,7503013673344,3,30),(643,7502208800053,2,13.5),(644,7500326102226,1,43),(645,7503015145047,1,35),(646,605394112348,1,23.5),(647,633148100013,1,20),(648,724869000260,1,40),(649,55,2,25),(650,7503004361014,2,7),(651,50,1,28),(652,759686843684,1,2),(653,73854508001,2,20),(654,69,1,30),(655,7501060413739,1,30),(656,31,1,18),(657,32,1,24),(658,16,1,33.5),(659,7503004361052,1,8),(660,7502208800084,1,18.5),(661,724869003292,2,18.5),(662,7501431207325,1,15.5),(663,7502208805454,1,17),(664,7503004361069,2,8),(665,7502208800152,1,27),(666,46,1,17.5),(667,7501049416157,1,14),(668,7502208800558,1,15.5),(669,7503004361038,1,6.5),(670,7502208805454,1,17),(671,16,1,33.5),(672,7502208804020,1,33),(673,16,1,33.5),(674,7502208804020,1,33),(675,724869000260,1,40),(676,38000846731,1,12),(677,7502226812991,1,6),(678,27,1,1),(679,7501063900076,4,1.5),(680,74,2,2),(681,7502208800053,1,13.5),(682,7502208800107,1,20.5),(683,7503004361052,1,8),(684,7502208800114,1,14.5),(685,7501431201088,1,7.5),(686,7501431204089,1,12),(687,16,1,33.5),(688,72,1,31),(689,7501431200746,1,6.5),(690,7501431200777,1,7.5),(691,7501431200760,1,15),(692,7501431200722,1,13),(693,615919000012,2,5),(694,7501558215104,1,85),(695,661440000014,1,14),(696,7502208804013,1,33),(697,7501431201088,1,7.5),(698,7503004361052,1,8),(699,7502208800152,1,27),(700,46,1,17.5),(701,7501050420068,1,15),(702,7501431207165,1,16.5),(703,32,1,24),(704,7503004361052,1,8),(705,7502208800114,1,14.5),(706,7502208800114,1,14.5),(707,32,1,24),(708,605394112348,1,23.5),(709,7502253920010,1,26),(710,7502208805454,1,17),(711,75024635,1,3),(712,7502208800053,1,13.5),(713,69,1,30),(714,16,1,33.5),(715,16,1,33.5),(716,7503004327102,1,6),(717,7501431207325,1,15.5),(718,7501431204164,1,21),(719,661440000014,1,14),(720,32,1,24),(721,31,4,18),(722,7502208800152,1,27),(723,7502208800152,1,27),(724,46,1,17.5),(725,46,1,17.5),(726,7503013673344,1,30),(727,7503004361038,1,6.5),(728,60,1,38.5),(729,7502208800114,1,14.5),(730,7501060400036,1,16),(731,32,1,24),(732,60,1,38.5),(733,7503004361052,1,8),(734,7503004361038,1,6.5),(735,7502208802255,1,12),(736,7502208805225,1,11),(737,7501060413739,1,30),(738,7503004361052,1,8),(739,7502208805454,1,17),(740,7502208800107,1,20.5),(741,7503004361052,1,8),(742,68,1,29),(743,7501431200760,1,15),(744,7501431200722,1,13),(745,661440000014,1,14),(746,32,1,24),(747,32,2,24),(748,41594354469,1,16),(749,724869000260,1,40),(750,7503013673344,1,30),(751,7501431207042,1,8.5),(752,7501431200777,10,7.5),(753,7501431200746,20,6.5),(754,7501050420075,1,8),(755,31,1,18),(756,31,25,18),(757,724869000260,1,40),(758,7503004327102,1,6),(759,7503015145047,1,35),(760,47,1,14.5),(761,7502208800046,1,13),(762,7502208805454,1,17),(763,725181068013,1,6),(764,68,1,29),(765,661440000014,1,14),(766,7503004211036,1,20),(767,7501431207325,1,15.5),(768,7501431207325,1,15.5),(769,7502208805454,1,17),(770,38,1,30),(771,7501431201064,1,7.5),(772,7501431201064,1,7.5),(773,32,1,24),(774,7503005195533,1,33),(775,7502208805454,1,17),(776,7501431207325,1,15.5),(777,7501050420051,1,29.5),(778,7503015640139,1,34),(779,7502208800091,1,19.5),(780,661440000014,1,14),(781,55,1,25),(782,47,1,14.5),(783,7502208800046,1,13),(784,7501431200777,6,7.5),(785,7501431200746,8,6.5),(786,7501431200777,4,7.5),(787,69,1,30),(788,605394112348,1,23.5),(789,7503015145047,1,35),(790,18,1,26),(791,661440000014,1,14),(792,661440000014,1,14),(793,7501431207042,1,8.5),(794,49,1,10.5),(795,7503004361038,1,6.5),(796,7502208804013,1,33),(797,61,1,38.5),(798,7502253920010,1,26),(799,725181389019,1,6),(800,7502208800046,1,13),(801,18,1,26),(802,7501431200777,1,7.5),(803,7501431200746,1,6.5),(804,7501060400036,1,16),(805,7502208804013,1,33),(806,7503015145047,1,35),(807,7502208800053,1,13.5),(808,55,1,25),(809,7503004361014,1,7),(810,72,2,31),(811,7501050420068,1,15),(812,18,1,26),(813,7502208805454,1,17),(814,7502208800114,1,14.5),(815,661440000014,1,14),(816,7501431207165,1,16.5),(817,7502253920010,1,26),(818,70,2,12.5),(819,41165936384,1,25),(820,46,1,17.5),(821,7502208800152,1,27),(822,46,1,17.5),(823,7502208800091,1,19.5),(824,7502208800152,1,27),(825,46,1,17.5),(826,7503004361045,1,6.5),(827,7502208805454,2,17),(828,7503005195533,1,33),(829,661440000014,1,14),(830,7501060408537,1,16),(831,759686001183,2,1.5),(832,7503004211227,1,14),(833,7502208800053,1,13.5),(834,47,1,14.5),(835,7502208800091,1,19.5),(836,7502208805218,1,12),(837,7503004361069,1,8),(838,7503004361052,1,8),(839,7503004361014,1,7),(840,7502208805225,1,11),(841,7501050420068,1,15),(842,69,1,30),(843,7500326102226,1,43),(844,7503004211227,1,14),(845,18,2,26),(846,7502208800053,3,13.5),(847,7503004361038,3,6.5),(848,38,2,30),(849,7501431207325,1,15.5),(850,7501431204164,1,21),(851,7501431204164,1,21),(852,7501431207165,1,16.5),(853,7501431207165,1,16.5),(854,38,3,30),(855,661440000014,1,14),(856,724869003292,1,18.5),(857,7503013673085,1,33),(858,7502208800046,1,13),(859,47,1,14.5),(860,7503015640139,1,34),(861,61,1,38.5),(862,63,1,1.5),(863,7501431207325,1,15.5),(864,7502208805454,1,17),(865,7502208805454,1,17),(866,7503004211227,1,14),(867,7503005195533,1,33),(868,7503005195533,1,33),(869,18,1,26),(870,7502208800107,1,20.5),(871,7502208805454,1,17),(872,7501431200746,2,6.5),(873,7502253920010,1,26),(874,56,1,36.5),(875,7503004361038,1,6.5),(876,7501431207042,1,8.5),(877,7501431207325,1,15.5),(878,7503004361052,1,8),(879,724869000260,2,40),(880,7503015145047,2,35),(881,32,1,24),(882,18,2,26),(883,7502208804013,1,33),(884,7501050420068,1,15),(885,7502208805454,1,17),(886,7502208800152,1,27),(887,46,1,17.5),(888,7500326102226,1,43),(889,7503015640139,1,34),(890,46,1,17.5),(891,7501431200760,1,15),(892,7501431200722,1,13),(893,7501431200777,1,7.5),(894,7501431200746,1,6.5),(895,18,2,26),(896,7503015640139,1,34),(897,7501431204164,1,21),(898,8,1,11.5),(899,738545080057,1,56),(900,7502208805454,1,17),(901,738545080057,1,56),(902,7502208805027,1,23.5),(903,7501050420051,1,29.5),(904,7502208805027,1,23.5),(905,7501050420051,1,29.5),(906,7502208804013,1,33),(907,7501431207325,1,15.5),(908,7501431204164,1,21),(909,7501431207165,1,16.5),(910,7501431207165,1,16.5),(911,7501431207325,1,15.5),(912,7501431204164,1,21),(913,7501431207165,1,16.5),(914,7501431207165,1,16.5),(915,7501431200777,1,7.5),(916,7501431200746,1,6.5),(917,10,1,12),(918,13,1,26),(919,7503015640139,1,34),(920,7501431200777,1,7.5),(921,7501431200746,1,6.5),(922,10,1,12),(923,13,1,26),(924,7503015640139,1,34),(925,7502208805454,1,17),(926,7501050420068,1,15),(927,7501431207325,1,15.5),(928,7503015640115,1,12),(929,7501431200746,4,6.5),(930,7501431200777,4,7.5),(931,58,1,38.5),(932,7502208800091,1,19.5),(933,7501431207325,1,15.5),(934,7503015640139,1,34),(935,661440000014,1,14),(936,7503004361014,1,7),(937,7501050430043,1,9.5),(938,7503015145047,2,35),(939,724869000260,2,40),(940,7502208805454,1,17),(941,7502208800091,1,19.5),(942,7501431207325,1,15.5),(943,7502208800121,1,14.5),(944,7503015145047,1,35),(945,7502208800084,1,19),(946,44,1,17.5),(947,18,1,26),(948,7501050420075,1,8),(949,7503004361021,1,7);
/*!40000 ALTER TABLE `detalle_ventas` ENABLE KEYS */;
UNLOCK TABLES;

--
-- Dumping data for table `productos`
--

LOCK TABLES `productos` WRITE;
/*!40000 ALTER TABLE `productos` DISABLE KEYS */;
INSERT INTO `productos` VALUES (1,'Rollo 18x26','Bolsa Rollo B.D.',100,2.000,'Pieza'),(2,'Rollo 20x30','Bolsa Rollo B.D.',80,1.000,''),(3,'Rollo 25x35','Bolsa Rollo B.D.',151,1.000,'Pieza'),(4,'Rollo 30x40','Bolsa Rollo B.D.',183,2.000,'Pieza'),(5,'Rollo 25x35','Bolsa Taquero A.D.',135,1.000,''),(6,'Rollo 60x90','Bolsa Rollo B.D.',282,2.000,'Pieza'),(7,'Popote Tropical','Popote Tropical 150',10,50.000,'Pieza'),(8,'Popote Agranel','Popote Agranel 250',11.5,11.000,'Pieza'),(9,'Charola #1014','Charola #1014 20 Pzs',25,2.000,'Pieza'),(10,'Contenedor 6x6 20','Hamburguesa 6x6 20 Pzas.',12,0.000,'Pieza'),(11,'Bulto 6x6 125 Pzas','Bulto 6x6 Hamburguesa 125',70,1.000,'Pieza'),(12,'Bulto 7x7 100 Pzas','Bulto 7x7 Chico Division',129,0.000,'Pieza'),(13,'Contenedor 7x7 20','Contenedor 7x7 20 Pzas Division',26,7.000,''),(14,'Contenedor 8x8 20','Contenedor 8x8 20 Pzas Liso',31,8.000,''),(15,'Bulto 8x8 100 Pzas','Bulto 8x8 100 Pzas Liso',136.5,1.000,'Pieza'),(16,'Contenedor 9x9 20','Contenedor 9x9 20 Pzas Division',33.5,15.000,''),(17,'Bulto 9x9 100','Bulto 9x9 100 Pzas. Division',150.5,1.000,'Pieza'),(18,'Contenedor 7x7 liso','Contenedor 7x7 20 Pzas Liso',26,3.000,''),(19,'Tapa Envase Solo 25','Desechable Envase 25 Pzas',17.5,20.000,''),(20,'Balones Choco','Balones Chocolate Nutresa',1,144.000,'Pieza'),(21,'Gomi Mix','Gomitas Mix Surtida',1,96.000,'Pieza'),(22,'Gomi Mix','Gomi Mix Chile',1,146.000,'Pieza'),(23,'Paleta Sandia','Rebanaditas Sandia',3,37.000,'Pieza'),(24,'Bolitocha Sandia','Bolitochas Sandia',1.5,52.000,'Pieza'),(25,'Paleta Vagabundo','Paleta con Chile en polvo',4,15.000,'Pieza'),(26,'Paleta Bola','Bolileta Bola',2,28.000,'Pieza'),(27,'Velita','Velita MultiSabor',1,170.000,'Pieza'),(28,'Paleta PaleNetas','Paletas Distroller',2,35.000,'Pieza'),(29,'Banderilla Tam','Banderilla Tamarindo',3,40.000,'Pieza'),(30,'Paleta Tutsi Pop','Paleta Tutsi Pop',3,105.000,'Pieza'),(31,'Frijol Mayocoba','Frijol de 1 kilo',18,20.000,''),(32,'Bolsa 8x28','Bolsa para helados 8x28 .500 kg',24,12.000,''),(33,'Globo Mediano','Globo Gas Med',38,41.000,'Pieza'),(34,'Globo Grande','Globo Gas Gde',60,20.000,'Pieza'),(35,'Chocolate Cobertura','Chocolate ChocoBanana',55,1.000,''),(36,'Vaso Gelatina','Vaso Gelatina Azul 50 Pzas',14,1.000,'Pieza'),(37,'Bisagra Alta ','Bisagra Empaque',2.5,10.000,'Pieza'),(38,'Bolsa Basura 90x120','Bolsa Negra 90x120',30,1.000,'Pieza'),(39,'Bolsa Dulces Pinat','Bolsa Chica Pinatera',20,9.000,''),(40,'Paleta Forrada','Palta Forrada y Chamoy',10,4.000,''),(41,'Chamoy Rago','Chamoy Rago Bolsa',1,24.000,'Pieza'),(42,'Tapa 4AReyma ','Tapa 4AReyma 50 pzas',12.5,3.000,''),(43,'Palitos Kikoleta','Kikoleta Americana',31,1.000,'Pieza'),(44,'Tapa Reyma 10,12','Tapa Reyma Vaso 10,12',17.5,3.000,'Pieza'),(45,'Bolsa Celofan 40X60','Bolsa Celofan 40x60',4,40.000,'Pieza'),(46,'Tapa Plastico Reyma','Tapa Reyma Plastico',17.5,-2.000,'Pieza'),(47,'Palitos Mangoniadas','Palito Cuadrado',14.5,3.000,''),(48,'Palito Chocobananas','Palito Redondo Choc',14.5,1.000,''),(49,'Tapa Comver.406','Tapa Vaso 106- 704',10.5,2.000,'Pieza'),(50,'Bolsa Bolis Tivirin','Bolis Tivirin',28,3.000,''),(51,'Conffetii ','bolsa Conffetii',16,2.000,'Pieza'),(52,'Chamoy Naranjita 1L','Chamoy Navolato 1 L',46,1.000,'Pieza'),(53,'Bombon','Bombon de la Rosa',1,70.000,'Pieza'),(54,'Tapa Portion Converm','Tapa Portion  200',11,2.000,'Pieza'),(55,'Chamoy Navolato 500','Chamoy Navo Ciruela',25,3.000,''),(56,'Chamoy Navol.1Litro','Chamoy Navolato 1 L',36.5,0.000,''),(57,'Tapa 4 CH ','Tapa 4ch',12,1.000,''),(58,'Bolsa Natural 15x25','Bolsa 15x25 1 k',38.5,1.000,'Kilogramos'),(59,'Bolsa Natural 18x26','Bolsa 18x26 K',38.5,3.000,''),(60,'Bolsa Natural 20x30','Bolsa 20x30 k',38.5,1.000,''),(61,'Bolsa Natural 25x35','Bolsa 25x35 K',38.5,1.000,''),(62,'Fritur Cronchos','Fritura Chimichangas',28,1.000,'Pieza'),(63,'cachepigui','Cachetada ',1.5,19.000,'Pieza'),(64,'Portico ','Portico',2,20.000,'Pieza'),(65,'Botella 500ml y tapa','Botella y tapa 500 ml',1.7,40.000,'Pieza'),(66,'palitos algodoneros','palitos algod. 30cms',16,1.000,'Pieza'),(67,'Cinta Transp 48x50m','Cinta Transp 48x50m',16,2.000,'Pieza'),(68,'Botella 1Litro y t','Botella 1 Litro y Tapa',29,0.000,'Pieza'),(69,'Fritura Rueda  gde','Fritura Rueda Gde.',30,4.000,'Pieza'),(70,'Ciruela Seca 250g','Ciruela Seca 250g',12.5,4.000,''),(71,'Tamarindo Pulma','Tamarindo 1kg. pulma',38,1.000,'Pieza'),(72,'Contenedor Div 8x8','Contenedor 8x8 20 pza',31,6.000,'Pieza'),(73,'Rollo Bolsa 15x25','Rollo Bolsa 15x25',74,1.000,'Pieza'),(74,'Mazapan Grande','Mazapan De La Rosa',2,28.000,'Pieza'),(75021184,'Lucas Panzon','Lucas Panzon Chamoy',6,7.000,''),(75024635,'Cremino','Cremino Bicolore',3,37.000,'Pieza'),(75024703,'Nucita Trisabor','Nucita ',2,50.000,'Pieza'),(75030438,'Clorets 4s','Chicle Clorets 4s',2,59.000,'Pieza'),(75038441,'Paleta Tarrito','Paleta Tarrito',2,23.000,'Pieza'),(75038519,'Paleta Chupadedo','Chupadedo',3,25.000,'Pieza'),(75043711,'Bubbaloo Fresa','Bubbaloo Fresa 1 Pza',1.5,46.000,'Pieza'),(75043728,'Bubbaloo Menta','Bubbaloo Menta 1 Pza',1.5,49.000,'Pieza'),(75043759,'Bubbaloo Tuti Fruti','Bubbaloo Tuti Fruti 1 pza',1.5,48.000,'Pieza'),(75043766,'Bubbaloo Yerba B','Bubbaloo yerba Buena 1 Pza',1.5,50.000,'Pieza'),(75045623,'Trident 4s','Trident 4s Menta',3,39.000,'Pieza'),(6910003018,'Vaso Cuevas 4A','Vaso Cuevas 50 pzas',13,40.000,'Pieza'),(6910054027,'Tapa Cuevas 50 pzas','Tapa Cuevas 50 Pzas',10,40.000,'Pieza'),(18804011252,'Tueni MultiSabor','Tueni Multisabor 24g',4,44.000,'Pieza'),(25046021499,'Duvalin 18 pzas','Duvalin tri Sabor',20,1.000,'Pieza'),(25046150137,'Bocadin','Bocadin Sabor Choco.',2,11.000,'Pieza'),(34587090277,'Sal Fina','Bote sal fina 120g',6.5,5.000,'Pieza'),(38000846731,'Pringles Original','Pringles Original 37g',12,2.000,'Pieza'),(38000846748,'Pringles Crema Cebo','Pringles Crem Cebo 40g',12,0.000,'Pieza'),(38000846755,'Pringles Queso','Pringles Queso 40g',12,0.000,''),(41165924046,'Envase P100 250 pzas','Envase P100 250 pzas',38.5,1.000,'Pieza'),(41165936384,'Envase 1/2 Solo','Envase 1/2 Solo Desechable',25,0.000,''),(41594354469,'Tapa P100 100 pzas','Tapa P100 100 Pzas',16,2.000,''),(41594991947,'Vaso Dart #16','Vaso #16 Dart Solo 50 Pzs',72,1.000,'Pieza'),(70378910003,'Coctel de Almeja 1L','Coctel de Almeja 1L',23.5,2.000,''),(73854508001,'Pacific Mix','Clamato Pacific Mix Clam',20,6.000,'Pieza'),(602571770803,'Brocheta 25 cm. ','Brocheta 25cm. 100',17.5,2.000,'Pieza'),(602571770865,'Brocheta 15cm. ','Brocheta 15cm. 100',10,1.000,'Pieza'),(602571770889,'Brocheta 20cm.','Brocheta 20cm.100',12.5,1.000,'Pieza'),(605394112348,'Chiripada','Dulce de Tamarindo',23.5,3.000,''),(608890082177,'Pika Gajo','Pika Gajo Sabor Nja.',28.5,0.000,'Pieza'),(615919000012,'Chaca Chaca Original','Chaca Chaca Original 35 g',5,8.000,''),(615919000029,'Chaca Chaca Rielito','Chaca Rielito Gde.',26,1.000,''),(615919000197,'ChacaTrozo','Bolsa Chaca Chaca 400g',26.5,0.000,''),(633148100013,'Tajin Clasico','Tajin 142 gr',20,10.000,'Pieza'),(661440000014,'Azucar 1kg','Zulka Azucar Morena',14,11.000,''),(703885003400,'Zumba Acidin','Zumba Chile en polvo',6,8.000,'Pieza'),(719886212413,'Pelon Mini','Pelon Chamoy',3,6.000,'Pieza'),(719886212437,'Pelon Mini','Pelon Mango',3,5.000,'Pieza'),(719886225031,'Bolsa Mini P','Mini Pelon Mini 18 Pzas ',35,1.000,'Pieza'),(719886400087,'Caja Pelones','Pelon Pelonetes 20 Pzas',38,0.000,''),(719886400094,'Pelon Pelonete','Pelon Tamarindo',3,17.000,''),(719886867637,'Pelon Mini','Pelon Sandia',3,1.000,'Pieza'),(724869000260,'Cacahuate 900g','Cacahuate de la Rosa',40,4.000,''),(724869002295,'Cacahuate de la Rosa','Cacahuate Japones',4,12.000,'Pieza'),(724869003216,'Bolsa mini Bombon 30','Mini Bombon 30 pzas',48,1.000,'Pieza'),(724869003292,'bolsa bombon','malvavisco ',18.5,3.000,''),(724869100106,'Caja Mazapan 30','Mazapan Caja Grande',46.5,2.000,''),(725181068013,'Lucas Muecas','Lucas Muecas Chamoy',6,1.000,'Pieza'),(725181128106,'Caja Chamoy','Muecas Caja Chamoy 10 Pzas',38.5,0.000,'Pieza'),(725181203018,'Lucas Muecas','Lucas Muecas Mango',6,8.000,'Pieza'),(725181249016,'Skwinkles Chamoy','Skwinkles Salsagheti',6,2.000,'Pieza'),(725181389019,'Lucas Bomvaso','Lucas Bomvaso Chile',6,7.000,'Pieza'),(725226000381,'Caramelitos','Caramelos Rellenos',25,1.000,'Pieza'),(725226066660,'Pulparindo 14g','Pulparindo Dulce Tam.',2,96.000,'Pieza'),(725226110011,'Caramelos Rellenos','Caramelos Con Goma',25,0.000,'Pieza'),(738545080057,'Pacific Mix 4 litros','Pacific Mix 4 Litros',56,4.000,''),(757528013882,'Duvalin','Duvalin Trisabor',2,78.000,'Pieza'),(759686001183,'Rellerindos','Rellerindos Tamarindo',1.5,61.000,'Pieza'),(759686460416,'Bolsa Boliletas','Boliletas Paletas 40 Pzas',38,0.000,'Pieza'),(759686560499,'Bolsa Cupido','Paleta 40 Pzas',43,1.000,'Pieza'),(759686560505,'Bolsa Tarrito','Paletas Tarrito 40 Pzas',43,1.000,'Pieza'),(759686562189,'Paleta Cupido','Cupido Paleta',2,34.000,'Pieza'),(759686641518,'Bolsa Elote','Paletas Elote Vero',43,1.000,''),(759686651012,'Pica Fresa ','Bolsa Pica Fresa 100pzas',32,2.000,'Pieza'),(759686661684,'Paleta Elote','Paleta Elote',2,35.000,'Pieza'),(759686841123,'Bolsa Mango','Paletas Mango 40 Pzas',43,1.000,'Pieza'),(759686843684,'Paleta Mango','Paleta Mango Vero',2,36.000,'Pieza'),(761682850177,'Menta Fresca','Menta Fresca Cortesia',25,0.000,'Pieza'),(790203019113,'Dedo Indy','Dedo Indy 20 g',3,1.000,''),(799034170352,'Paleta Saladita','Paleta Saladita Fresa',4,27.000,'Pieza'),(799584000017,'Bolsa Vagabundo','Paleta 20 Pzas',40,1.000,'Pieza'),(7023600146339,'Cacahuate Arachis','Bolsa 800g',35,1.000,''),(7500326102226,'papas fritas 500g','Papas produc Fierro',43,4.000,''),(7501006551051,'Sobre Pal. Mant','Palomitas Mantequilla 85g',9,12.000,'Pieza'),(7501011145566,'Paleta Rockaleta','Paleta Rockaleta Sonrics',5,11.000,'Pieza'),(7501050420051,'Servilleta Grande','Servilleta Velvet 500',29.5,6.000,''),(7501050420068,'Servilleta Mediana','Servilleta Velvet 250',15,7.000,'Pieza'),(7501050420075,'Servilleta Chica','Servilleta Velvet 125',8,37.000,'Pieza'),(7501050430043,'Toalla Cocina','Servileta Cocina Iris',9.5,16.000,'Pieza'),(7501059284555,'Leche Clavel','Leche Clavel360g',12.5,5.000,''),(7501059297241,'bolsa Chocolate car','Choc.Carlos V 54 pzas',70,1.000,'Pieza'),(7501060400036,'Globo no.3 100 pzas','Globo No.3 surtido',16,0.000,'Pieza'),(7501060401033,'Globo Surtido','Payaso 100 Pzas #9',47,1.000,''),(7501060408537,'Globo Decorado','Payaso Amarillo',16,1.000,''),(7501060408568,'Globo Decorado','Payaso Azul',16,1.000,''),(7501060413722,'Globo Zeppelin','Payaso 100 Pzas #270',56,1.000,'Pieza'),(7501060413739,'Globo No.9  50 Pzas','Globo Surt. 50 pzas',30,1.000,'Pieza'),(7501060413814,'Globo No9 Negro','Globo No.9 Surt.Ngo',30,1.000,'Pieza'),(7501060414293,'Globo Bco Perla 50p.','Globo Bco Perla No.9',40,1.000,'Pieza'),(7501063900076,'Diablito 15gr','Diablito dulce tamarindo',1.5,103.000,'Pieza'),(7501088210723,'Nucita 240g 16 pzas','Nucita 16 Pzas',20,1.000,'Pieza'),(7501369812226,'Sal mar de cortes','Sal de cocina',4.5,9.000,'Kilogramos'),(7501431200722,'Tapa cup400 50pza','Tapa cup400 50 pzas',13,51.000,''),(7501431200746,'Tapa cup100 50pzas','Tapa cuo100 50 pzas',6.5,62.000,'Pieza'),(7501431200753,'Vaso Portion Conver','Vaso Portion cup 200',12,3.000,'Pieza'),(7501431200760,'Envase cup400 50 pza','ENvase cup400 conver',15,51.000,''),(7501431200777,'Envase cup100 50 pza','cup100 50 pzas',7.5,72.000,'Pieza'),(7501431201064,'Vaso No. 6 Comvermex','Vaso No.6 Termico',7.5,5.000,''),(7501431201088,'Vaso #8 Termico','Convermex #8 25 Pzs ',7.5,26.000,'Pieza'),(7501431201125,'Vaso #12 Termico','Convermex #12 25 Pzs',10.5,37.000,'Pieza'),(7501431201163,'Vaso #16 Termico','Convermex #16 20 Pzs',12.5,1.000,'Pieza'),(7501431204089,'Tapa 408 para Vaso','Tapa 50 pzas',12,1.000,'Pieza'),(7501431204164,'Tapa #416','Convermex #416 50 Pzs',21,8.000,'Pieza'),(7501431207042,'Vaso No.4 Comvermex','Vaso No. 4 Termico',8.5,3.000,''),(7501431207165,'Envase #16 Termico','Convermex #16 25 Pzs',16.5,5.000,'Pieza'),(7501431207325,'Envase #32 Termico','Convermex #32 15 Pzs',15.5,5.000,'Pieza'),(7501431261105,'Vaso #10 Termico','Convermex #10 25 Pzs',8.5,37.000,'Pieza'),(7501558215104,'Chocolate Curios','Chocolate Curios',86,1.000,''),(7501575504038,'Papatias','Papatias Fuego',8,6.000,'Pieza'),(7501575509163,'Rayaditas','Rayaditas Queso',8,8.000,'Pieza'),(7501943465497,'Servilleta 100','Delsey 100 Servilleta',7,2.000,'Pieza'),(7502208800015,'Vaso Reyma 4A','Vaso Reyma 4A 50 pzas',14.5,2.000,''),(7502208800022,'Vaso #4','Vaso #4 Reyma 50 Pzas',13,2.000,''),(7502208800046,'Vaso Reyma 5.5','Vaso Reyma 50 pzas',13,6.000,''),(7502208800053,'Vaso Reyma No. 6','Vaso Reyma',13.5,2.000,'Pieza'),(7502208800077,'Vaso #8 Reyma','Vaso Desechable Reyma',15.5,17.000,''),(7502208800084,'Vaso #10 Reyma','Vaso Desechable Reyma',19,21.000,''),(7502208800091,'Vaso #12 Reyma','Vaso Desechable Reyma',19.5,6.000,'Pieza'),(7502208800107,'Vaso #14 Reyma','Vaso Desechable Reyma',20.5,15.000,'Pieza'),(7502208800114,'Vaso Reyma No. 16','Vaso No. 16 25 Pzas',14.5,3.000,''),(7502208800121,'Vaso Reyma 16 L','Vaso Reyma 50 pzas',14.5,3.000,'Pieza'),(7502208800145,'Envase Litro Reyma','Envase Litro Reyma',34.5,20.000,'Pieza'),(7502208800152,'Envase Reyma 1/2 L','Envase Reyma 1/2 L',27,-6.000,'Pieza'),(7502208800558,'Charola #066','Termica Reyma 50 Pzs',15.5,9.000,''),(7502208802255,'Plato Term. Liso ','Plato Termico No. 8',12,-2.000,'Pieza'),(7502208804013,'Mediana 25x50','Bolsa Camiseta 1kg',33,7.000,'Pieza'),(7502208804020,'Grande 30x60','Bolsa Camiseta 1kg',33,17.000,'Pieza'),(7502208805027,'Charola No.007','Charola No.007 50pza',23.5,9.000,'Pieza'),(7502208805041,'Charola #835','Termica Reyma 50 Pzs',18,10.000,'Pieza'),(7502208805171,'Charola #9D','Termica Reyma 25 Pzs',14,13.000,'Pieza'),(7502208805201,'Plato Term.PH6','Plato Ondo PH6',9.5,2.000,'Pieza'),(7502208805218,'Plato Pozolero','Plato Termico Pozolero',12,15.000,'Pieza'),(7502208805225,'Plato #006','Termico Reyma 25 Pzs',11,12.000,'Pieza'),(7502208805454,'Charola #855','Termica Reyma 50 Pzs',17,5.000,''),(7502225960013,'Bolsa Rebanaditas','Rebanaditas Bolsa Paletas',51,0.000,'Pieza'),(7502225962512,'Bolsa Bolitochas','Bolitochas Sandia Bolsa',44,0.000,'Pieza'),(7502226812991,'Lucas Muecas','Lucas Muecas Tamarindo',6,9.000,'Pieza'),(7502250392247,'Paleta Love','Paleta Corazon Love',2,33.000,'Pieza'),(7502253920010,'Bolsa Mini Pal','Mini Paleta 100 Pzas',26,6.000,''),(7503003868255,'Serpentina Dulce ','Serpentina Dulce Tam.',16.5,1.000,'Pieza'),(7503004211036,'Chilomoy 1Lt','Chilimoy Ciruela 1Lt',20,2.000,'Pieza'),(7503004211227,'Chamoy 500 ml Chilim','Chamoy Chilimoy 500m',14,3.000,'Pieza'),(7503004327102,'Palillos','Palillos 250pzas',6,6.000,'Pieza'),(7503004361014,'Cuchara Chico','Fantasy 50 Pzs',7,47.000,'Pieza'),(7503004361021,'Tenedor Chico','Fantasy 50 Pzs',7,53.000,'Pieza'),(7503004361038,'Cuchara Mediano','Fantasy 25 Pzs',6.5,17.000,'Pieza'),(7503004361045,'Tenedor Mediano','Fantasy 25 Pzs',6.5,26.000,'Pieza'),(7503004361052,'Cuchara Grande','Fantasy 25 Pzs',8,6.000,'Pieza'),(7503004361069,'Tenedor Grande','Fantasy 25 Pzs',8,32.000,'Pieza'),(7503005195533,'Chica 25x40','Bolsa Camiseta 1kg',33,13.000,'Pieza'),(7503013673016,'Bolsa Mini C.','Bolsa Mini Camiseta 1kg',33,1.000,'Pieza'),(7503013673085,'Bolsa Camiseta Jumbo','Bolsa Negra Jumbo 1Kg',33,7.000,''),(7503013673344,'Bolsa para Basura','Bolsa Negra 90x120 1kg',30,0.000,''),(7503015145047,'Churros Maiz','Frituras Gaby 1kg',35,0.000,''),(7503015640108,'Aluminio 7.6 Mts','Meta Pack 7.6 Mts',9.5,22.000,'Pieza'),(7503015640115,'Alumnio 10.5 Mts','Meta Pack 10.5 Mts',12,19.000,'Pieza'),(7503015640139,'Aluminio 50 Mts','Meta Pack 50 Mts',34,6.000,''),(7503019371114,'Papas Fritas','Papas Naturales',46,1.000,''),(7506077411105,'Confetty Grande','Confetty Alegria 100g',10,2.000,'Pieza'),(7506174502645,'Snickers Snack','Satisface 21.5 Gr',8,9.000,'Pieza'),(7506174502652,'Milky Way Snack','Milky Way 22g Snack Bar',8,4.000,'Pieza'),(7506304500008,'Bolsa Menta','Pastillas Menta 100 Pzas',26.5,0.000,'Pieza'),(7622210072146,'Caja Menta','Bubbaloo Menta 50 Pzas',36.5,1.000,'Pieza'),(7622210072160,'Caja Fresa','Bubbaloo Fresa 50 Pzas',36.5,1.000,'Pieza'),(7622210072375,'Caja Yerba Buena','Bubbaloo Yerba B. 50 Pzas',36.5,1.000,'Pieza'),(7622210072467,'Caja Tutti Frutti','Bubbaloo Tutti Frutti 50 Pzas',36.5,0.000,'Pieza'),(7622210267825,'Halls Cereza','Halss Cereza 25g',7,6.000,'Pieza'),(7622210267849,'Halls Fresa','Halls Fresa 25g',7,6.000,'Pieza'),(7622210267856,'Halls Mora','Halls Mora 25g',7,6.000,'Pieza'),(7622210267863,'Halls Limon','Halls Limon 25g',7,17.000,'Pieza');
/*!40000 ALTER TABLE `productos` ENABLE KEYS */;
UNLOCK TABLES;

--
-- Dumping data for table `proveedores`
--

LOCK TABLES `proveedores` WRITE;
/*!40000 ALTER TABLE `proveedores` DISABLE KEYS */;
/*!40000 ALTER TABLE `proveedores` ENABLE KEYS */;
UNLOCK TABLES;

--
-- Dumping data for table `usuarios`
--

LOCK TABLES `usuarios` WRITE;
/*!40000 ALTER TABLE `usuarios` DISABLE KEYS */;
INSERT INTO `usuarios` VALUES ('Hector','Inzunza Russell','Conocido #123','Admin','123','Administrador');
/*!40000 ALTER TABLE `usuarios` ENABLE KEYS */;
UNLOCK TABLES;

--
-- Dumping data for table `ventas`
--

LOCK TABLES `ventas` WRITE;
/*!40000 ALTER TABLE `ventas` DISABLE KEYS */;
INSERT INTO `ventas` VALUES (23,'Publico en General','2015-04-07 01:15:43',6,12.00,6.00,'A'),(24,'Publico en General','2015-04-07 01:17:13',6,6.00,0.00,'A'),(25,'Publico en General','2015-04-07 15:18:14',12,12.00,0.00,'A'),(26,'Publico en General','2015-04-07 16:46:41',15,50.00,34.50,'A'),(27,'Publico en General','2015-04-07 19:41:56',6,6.00,0.00,'A'),(28,'Publico en General','2015-04-09 00:53:19',14,100.00,85.50,'A'),(29,'Publico en General','2015-04-09 00:57:25',37,200.00,163.00,'A'),(30,'Publico en General','2015-04-09 01:29:58',40,50.00,10.00,'A'),(31,'Publico en General','2015-04-09 19:46:22',217,217.50,0.00,'A'),(32,'Publico en General','2015-04-09 20:52:22',24,100.00,76.00,'A'),(33,'Publico en General','2015-04-10 23:00:24',35,50.00,15.00,'A'),(34,'Publico en General','2015-04-10 23:28:07',33,33.00,0.00,'A'),(35,'Publico en General','2015-04-11 00:16:26',99,99.50,0.00,'A'),(36,'Publico en General','2015-04-11 00:31:04',5,5.00,0.00,'A'),(37,'Publico en General','2015-04-11 00:49:16',12,12.00,0.00,'A'),(38,'Publico en General','2015-04-11 00:59:22',20,20.00,0.00,'A'),(39,'Publico en General','2015-04-11 01:14:27',12,12.00,0.00,'A'),(40,'Publico en General','2015-04-11 19:05:45',8,8.00,0.00,'A'),(41,'Publico en General','2015-04-11 22:26:29',18,20.00,1.50,'A'),(42,'Publico en General','2015-04-12 00:11:06',40,40.00,0.00,'A'),(43,'Publico en General','2015-04-12 01:11:18',6,6.00,0.00,'A'),(44,'Publico en General','2015-04-12 01:20:05',3,3.00,0.00,'A'),(45,'Publico en General','2015-04-12 01:20:37',3,3.00,0.00,'A'),(46,'Publico en General','2015-04-12 01:21:31',3,3.00,0.00,'A'),(47,'Publico en General','2015-04-12 01:22:08',6,10.00,3.50,'A'),(48,'Publico en General','2015-04-12 18:23:10',3,5.00,2.00,'A'),(49,'Publico en General','2015-04-14 01:51:16',18,18.00,0.00,'A'),(50,'Publico en General','2015-04-14 18:52:20',69,69.00,0.00,'A'),(51,'Publico en General','2015-04-14 18:53:17',1,1.00,0.00,'A'),(52,'Publico en General','2015-04-14 21:58:50',12,12.00,0.00,'A'),(53,'Publico en General','2015-04-15 00:01:00',20,20.00,0.00,'A'),(54,'Publico en General','2015-04-15 00:12:05',4,5.00,1.00,'A'),(55,'Publico en General','2015-04-15 00:29:59',21,100.00,78.50,'A'),(56,'Publico en General','2015-04-15 01:17:10',34,50.00,15.50,'A'),(57,'Publico en General','2015-04-15 01:35:35',6,6.00,0.00,'A'),(58,'Publico en General','2015-04-15 02:13:39',15,50.00,34.50,'A'),(59,'Publico en General','2015-04-15 18:28:04',30,30.00,0.00,'A'),(60,'Publico en General','2015-04-15 21:30:00',15,20.00,4.50,'A'),(61,'Publico en General','2015-04-16 01:24:13',44,200.00,156.00,'A'),(62,'Publico en General','2015-04-16 01:27:52',28,30.00,1.50,'A'),(63,'Publico en General','2015-04-16 01:33:25',22,25.00,3.00,'A'),(64,'Publico en General','2015-04-16 20:08:20',47,50.00,3.00,'A'),(65,'Publico en General','2015-04-17 00:19:01',6,10.00,4.00,'A'),(66,'Publico en General','2015-04-17 00:49:17',12,12.00,0.00,'A'),(67,'Publico en General','2015-04-17 00:49:58',3,5.00,2.00,'A'),(68,'Publico en General','2015-04-17 00:50:44',3,3.00,0.00,'A'),(69,'Publico en General','2015-04-17 00:54:19',5,5.00,0.00,'A'),(70,'Publico en General','2015-04-17 01:36:28',26,27.00,0.50,'A'),(71,'Publico en General','2015-04-17 01:40:34',40,50.00,9.50,'A'),(72,'Publico en General','2015-04-17 01:42:14',58,500.00,442.00,'A'),(73,'Publico en General','2015-04-17 01:46:48',40,40.00,0.00,'A'),(74,'Publico en General','2015-04-17 17:03:56',43,43.00,0.00,'A'),(75,'Publico en General','2015-04-17 17:05:07',8,8.00,0.00,'A'),(76,'Publico en General','2015-04-17 17:10:03',33,33.00,0.00,'A'),(77,'Publico en General','2015-04-17 18:47:43',21,21.00,0.00,'A'),(78,'Publico en General','2015-04-17 19:10:24',51,51.00,0.00,'A'),(79,'Publico en General','2015-04-17 19:10:51',18,18.00,0.00,'A'),(80,'Publico en General','2015-04-17 19:12:00',12,12.00,0.00,'A'),(81,'Publico en General','2015-04-17 21:15:14',17,17.00,0.00,'A'),(82,'Publico en General','2015-04-17 21:15:53',17,17.00,0.00,'A'),(83,'Publico en General','2015-04-17 22:45:46',38,50.00,11.50,'A'),(84,'Publico en General','2015-04-17 22:48:22',10,10.00,0.00,'A'),(85,'Publico en General','2015-04-17 23:53:36',12,12.00,0.00,'A'),(86,'Publico en General','2015-04-18 00:11:14',2,2.00,0.00,'A'),(87,'Publico en General','2015-04-18 01:26:30',30,50.00,20.00,'A'),(88,'Publico en General','2015-04-18 01:33:43',26,100.00,73.50,'A'),(89,'Publico en General','2015-04-18 22:35:57',36,200.00,163.50,'A'),(90,'Publico en General','2015-04-18 22:48:45',32,32.50,0.00,'A'),(91,'Publico en General','2015-04-18 23:35:21',60,60.00,0.00,'A'),(92,'Publico en General','2015-04-18 23:36:59',9,9.00,0.00,'A'),(93,'Publico en General','2015-04-18 23:38:42',1,1.00,0.00,'A'),(94,'Publico en General','2015-04-19 01:47:27',26,30.00,4.00,'A'),(95,'Publico en General','2015-04-20 18:15:53',13,13.00,0.00,'A'),(96,'Publico en General','2015-04-20 18:17:20',24,24.00,0.00,'A'),(97,'Publico en General','2015-04-20 18:17:25',24,24.00,0.00,'A'),(98,'Publico en General','2015-04-20 20:55:20',7,7.50,0.00,'A'),(99,'Publico en General','2015-04-21 01:24:22',58,70.00,11.50,'A'),(100,'Publico en General','2015-04-21 21:14:40',2,2.00,0.00,'A'),(101,'Publico en General','2015-04-22 00:54:59',26,30.00,4.00,'A'),(102,'Publico en General','2015-04-22 01:03:14',4,4.00,0.00,'A'),(103,'Publico en General','2015-04-22 16:07:14',35,100.00,64.50,'A'),(104,'Publico en General','2015-04-22 23:16:23',18,18.00,0.00,'A'),(105,'Publico en General','2015-04-22 23:19:25',4,4.00,0.00,'A'),(106,'Publico en General','2015-04-22 23:24:02',11,11.00,0.00,'A'),(107,'Publico en General','2015-04-22 23:44:37',147,150.00,2.50,'A'),(108,'Publico en General','2015-04-23 00:14:02',6,6.00,0.00,'A'),(109,'Publico en General','2015-04-23 00:25:23',20,20.00,0.00,'A'),(110,'Publico en General','2015-04-23 01:43:22',3,3.00,0.00,'A'),(111,'Publico en General','2015-04-23 01:48:54',41,41.00,0.00,'A'),(112,'Publico en General','2015-04-23 16:40:39',3,3.00,0.00,'A'),(113,'Publico en General','2015-04-23 18:32:01',11,11.00,0.00,'A'),(114,'Publico en General','2015-04-23 19:53:16',30,30.00,0.00,'A'),(115,'Publico en General','2015-04-23 23:52:48',15,15.00,0.00,'A'),(116,'Publico en General','2015-04-24 01:22:24',37,50.00,13.00,'A'),(117,'Publico en General','2015-04-24 19:04:00',55,55.50,0.00,'A'),(118,'Publico en General','2015-04-24 21:21:21',31,50.00,19.00,'A'),(119,'Publico en General','2015-04-25 00:06:18',8,10.00,2.00,'A'),(120,'Publico en General','2015-04-25 01:03:00',69,100.00,30.50,'A'),(121,'Publico en General','2015-04-25 01:18:56',20,20.00,0.00,'A'),(122,'Publico en General','2015-04-25 17:43:03',30,30.00,0.00,'A'),(123,'Publico en General','2015-04-25 17:49:35',18,20.00,1.50,'A'),(124,'Publico en General','2015-04-25 17:51:01',1,1.50,0.00,'A'),(125,'Publico en General','2015-04-25 18:26:20',33,33.00,0.00,'A'),(126,'Publico en General','2015-04-25 23:00:21',30,30.00,0.00,'A'),(127,'Publico en General','2015-04-25 23:01:29',60,60.00,0.00,'A'),(128,'Publico en General','2015-04-26 01:37:03',101,120.00,19.00,'A'),(129,'Publico en General','2015-04-26 01:41:18',10,10.00,0.00,'A'),(131,'Publico en General','2015-04-27 16:39:10',33,50.00,17.00,'A'),(132,'Publico en General','2015-04-27 21:28:55',70,100.00,30.00,'A'),(133,'Publico en General','2015-04-27 21:39:03',10,10.00,0.00,'A'),(134,'Publico en General','2015-04-27 23:07:40',10,10.00,0.00,'A'),(135,'Publico en General','2015-04-27 23:15:58',32,50.00,17.50,'A'),(136,'Publico en General','2015-04-28 00:29:14',6,7.00,0.50,'A'),(137,'Publico en General','2015-04-28 00:31:36',30,30.00,0.00,'A'),(138,'Publico en General','2015-04-28 00:51:29',10,20.00,10.00,'A'),(139,'Publico en General','2015-04-28 01:52:59',26,50.00,24.00,'A'),(140,'Publico en General','2015-04-28 17:43:03',18,18.50,0.00,'A'),(141,'Publico en General','2015-04-28 22:15:44',43,50.00,6.50,'A'),(142,'Publico en General','2015-04-29 01:52:29',32,50.00,17.50,'A'),(143,'Publico en General','2015-04-29 01:52:31',32,50.00,17.50,'A'),(144,'Publico en General','2015-04-29 19:22:56',90,90.00,0.00,'A'),(145,'Publico en General','2015-04-29 20:55:37',125,125.00,0.00,'A'),(146,'Publico en General','2015-04-29 20:57:12',46,50.00,4.00,'A'),(147,'Publico en General','2015-04-29 21:46:21',51,201.00,150.00,'A'),(148,'Publico en General','2015-04-29 21:47:21',40,40.00,0.00,'A'),(149,'Publico en General','2015-04-29 22:39:57',14,20.00,6.00,'A'),(150,'Publico en General','2015-04-29 23:45:10',30,30.50,0.00,'A'),(151,'Publico en General','2015-04-30 00:08:39',9,10.00,1.00,'A'),(152,'Publico en General','2015-04-30 01:08:20',15,50.00,34.50,'A'),(153,'Publico en General','2015-04-30 01:26:00',33,33.00,0.00,'A'),(154,'Publico en General','2015-04-30 02:01:56',8,8.00,0.00,'A'),(155,'Publico en General','2015-04-30 15:52:29',17,17.00,0.00,'A'),(156,'Publico en General','2015-04-30 18:37:25',44,44.50,0.00,'A'),(157,'Publico en General','2015-04-30 21:07:48',6,6.00,0.00,'A'),(158,'Publico en General','2015-04-30 21:14:29',40,40.00,0.00,'A'),(159,'Publico en General','2015-04-30 21:16:43',31,31.50,0.00,'A'),(160,'Publico en General','2015-04-30 22:21:35',18,18.50,0.00,'A'),(161,'Publico en General','2015-04-30 22:22:49',6,6.00,0.00,'A'),(162,'Publico en General','2015-04-30 22:29:09',21,21.00,0.00,'A'),(163,'Publico en General','2015-04-30 22:29:47',8,8.00,0.00,'A'),(164,'Publico en General','2015-05-01 00:45:45',18,50.00,31.50,'A'),(165,'Publico en General','2015-05-01 01:57:59',26,26.00,0.00,'A'),(166,'Publico en General','2015-05-01 02:07:19',77,77.50,0.00,'A'),(167,'Publico en General','2015-05-01 16:29:18',151,151.00,0.00,'A'),(168,'Publico en General','2015-05-01 17:48:19',12,12.00,0.00,'A'),(169,'Publico en General','2015-05-01 18:01:58',33,35.00,2.00,'A'),(170,'Publico en General','2015-05-01 18:38:59',30,30.00,0.00,'A'),(171,'Publico en General','2015-05-01 23:26:00',40,50.00,9.50,'A'),(172,'Publico en General','2015-05-02 01:13:31',102,110.00,8.00,'A'),(173,'Publico en General','2015-05-02 16:24:14',14,50.00,35.50,'A'),(174,'Publico en General','2015-05-02 18:44:08',7,50.00,42.50,'A'),(175,'Publico en General','2015-05-02 20:32:48',40,50.00,9.50,'A'),(176,'Publico en General','2015-05-02 22:42:02',22,50.00,27.50,'A'),(177,'Publico en General','2015-05-03 00:32:35',32,50.00,18.00,'A'),(178,'Publico en General','2015-05-03 01:25:22',6,10.00,4.00,'A'),(179,'Publico en General','2015-05-03 01:28:24',51,51.00,0.00,'A'),(180,'Publico en General','2015-05-04 16:30:54',17,20.00,3.00,'A'),(181,'Publico en General','2015-05-04 17:46:23',18,18.50,0.00,'A'),(182,'Publico en General','2015-05-04 18:14:21',18,18.50,0.00,'A'),(183,'Publico en General','2015-05-04 18:14:25',18,18.50,0.00,'A'),(184,'Publico en General','2015-05-04 18:39:55',49,49.50,0.00,'A'),(185,'Publico en General','2015-05-04 21:03:36',16,20.00,4.00,'A'),(186,'Publico en General','2015-05-04 21:03:38',16,20.00,4.00,'A'),(187,'Publico en General','2015-05-04 21:36:30',9,10.00,0.50,'A'),(188,'Publico en General','2015-05-04 21:36:55',10,10.00,0.00,'A'),(189,'Publico en General','2015-05-05 01:53:09',40,50.00,9.50,'A'),(190,'Publico en General','2015-05-05 01:54:05',18,100.00,81.50,'A'),(191,'Publico en General','2015-05-05 01:55:23',160,160.00,0.00,'A'),(192,'Publico en General','2015-05-05 15:25:13',14,14.50,0.00,'A'),(193,'Publico en General','2015-05-05 15:58:20',14,20.00,5.50,'A'),(194,'Publico en General','2015-05-05 16:10:57',13,13.50,0.00,'A'),(195,'Publico en General','2015-05-05 21:11:53',13,13.50,0.00,'A'),(196,'Publico en General','2015-05-05 21:12:42',20,20.00,0.00,'A'),(197,'Publico en General','2015-05-05 23:05:41',20,50.00,30.00,'A'),(198,'Publico en General','2015-05-06 01:36:46',66,200.00,133.50,'A'),(199,'Publico en General','2015-05-06 20:29:44',118,118.50,0.00,'A'),(200,'Publico en General','2015-05-06 21:32:47',9,9.50,0.00,'A'),(201,'Publico en General','2015-05-06 23:49:05',23,23.50,0.00,'A'),(202,'Publico en General','2015-05-06 23:54:09',23,25.00,2.00,'A'),(203,'Publico en General','2015-05-07 23:07:40',81,81.00,0.00,'A'),(204,'Publico en General','2015-05-07 23:09:52',91,91.00,0.00,'A'),(205,'Publico en General','2015-05-07 23:15:11',118,118.00,0.00,'A'),(206,'Publico en General','2015-05-08 00:16:19',6,6.00,0.00,'A'),(207,'Publico en General','2015-05-08 01:37:17',43,100.00,57.00,'A'),(208,'Publico en General','2015-05-08 01:53:14',61,200.00,139.00,'A'),(209,'Publico en General','2015-05-08 02:00:39',15,15.50,0.00,'A'),(210,'Publico en General','2015-05-08 02:03:09',33,33.00,0.00,'A'),(211,'Publico en General','2015-05-08 19:33:57',65,65.50,0.00,'A'),(212,'Publico en General','2015-05-08 19:43:31',30,30.00,0.00,'A'),(213,'Publico en General','2015-05-09 01:16:35',9,10.00,1.00,'A'),(214,'Publico en General','2015-05-09 19:56:02',6,6.00,0.00,'A'),(215,'Publico en General','2015-05-09 20:06:24',29,100.00,71.00,'A'),(216,'Publico en General','2015-05-11 21:30:11',17,20.00,3.00,'A'),(217,'Publico en General','2015-05-12 14:59:12',90,90.00,0.00,'A'),(218,'Publico en General','2015-05-12 15:34:35',32,100.00,67.50,'A'),(219,'Publico en General','2015-05-12 19:00:49',20,20.00,0.00,'A'),(220,'Publico en General','2015-05-12 19:46:40',53,100.00,46.50,'A'),(221,'Publico en General','2015-05-12 22:13:47',10,10.00,0.00,'A'),(222,'Publico en General','2015-05-12 22:23:17',41,42.00,0.50,'A'),(223,'Publico en General','2015-05-12 22:26:44',5,10.00,5.00,'A'),(224,'Publico en General','2015-05-12 23:59:11',3,5.00,2.00,'A'),(225,'Publico en General','2015-05-13 00:09:21',10,10.00,0.00,'A'),(226,'Publico en General','2015-05-13 00:25:41',1,1.00,0.00,'A'),(227,'Publico en General','2015-05-13 00:28:35',1,1.50,0.00,'A'),(228,'Publico en General','2015-05-13 01:50:51',41,41.00,0.00,'A'),(229,'Publico en General','2015-05-13 18:45:14',24,24.00,0.00,'A'),(230,'Publico en General','2015-05-13 23:17:49',4,4.00,0.00,'A'),(231,'Publico en General','2015-05-13 23:25:01',2,2.00,0.00,'A'),(232,'Publico en General','2015-05-14 01:27:34',71,75.00,3.50,'A'),(233,'Publico en General','2015-05-14 01:39:16',33,50.00,16.50,'A'),(234,'Publico en General','2015-05-14 16:18:12',9,9.50,0.00,'A'),(235,'Publico en General','2015-05-14 16:39:33',33,33.00,0.00,'A'),(236,'Publico en General','2015-05-14 17:21:07',9,9.50,0.00,'A'),(237,'Publico en General','2015-05-14 22:08:41',31,40.00,9.00,'A'),(238,'Publico en General','2015-05-15 00:21:02',20,20.00,0.00,'A'),(239,'Publico en General','2015-05-15 01:34:54',43,100.00,57.00,'A'),(240,'Publico en General','2015-05-15 01:59:37',34,34.00,0.00,'A'),(241,'Publico en General','2015-05-15 21:30:27',95,100.00,4.50,'A'),(242,'Publico en General','2015-05-15 23:31:04',65,100.00,35.00,'A'),(243,'Publico en General','2015-05-16 17:30:39',59,60.00,1.00,'A'),(244,'Publico en General','2015-05-16 17:31:33',8,8.00,0.00,'A'),(245,'Publico en General','2015-05-16 19:37:04',44,100.00,55.50,'A'),(246,'Publico en General','2015-05-16 20:08:49',70,100.00,30.00,'A'),(247,'Publico en General','2015-05-17 02:01:36',39,40.00,1.00,'A'),(248,'Publico en General','2015-05-17 02:01:36',39,40.00,1.00,'A'),(249,'Publico en General','2015-05-18 17:26:53',121,150.00,29.00,'A'),(250,'Publico en General','2015-05-18 17:45:25',23,25.00,1.50,'A'),(251,'Publico en General','2015-05-18 22:31:48',14,15.00,0.50,'A'),(252,'Publico en General','2015-05-18 22:36:08',7,7.00,0.00,'A'),(253,'Publico en General','2015-05-18 23:26:42',4,4.00,0.00,'A'),(254,'Publico en General','2015-05-18 23:29:35',10,10.00,0.00,'A'),(255,'Publico en General','2015-05-18 23:36:17',5,5.00,0.00,'A'),(256,'Publico en General','2015-05-19 00:14:16',8,8.00,0.00,'A'),(257,'Publico en General','2015-05-19 17:12:25',14,14.50,0.00,'A'),(258,'Publico en General','2015-05-19 19:07:28',9,9.50,0.00,'A'),(259,'Publico en General','2015-05-20 00:08:45',77,80.00,2.50,'A'),(260,'Publico en General','2015-05-20 01:40:28',51,51.00,0.00,'A'),(261,'Publico en General','2015-05-20 02:09:10',90,90.00,0.00,'A'),(262,'Publico en General','2015-05-20 02:09:50',30,30.00,0.00,'A'),(263,'Publico en General','2015-05-20 18:08:47',13,13.00,0.00,'A'),(264,'Publico en General','2015-05-20 22:02:22',66,200.00,134.00,'A'),(265,'Publico en General','2015-05-20 23:33:59',55,60.00,4.50,'A'),(266,'Publico en General','2015-05-21 00:32:02',32,100.00,67.50,'A'),(267,'Publico en General','2015-05-21 00:53:11',19,19.50,0.00,'A'),(268,'Publico en General','2015-05-21 00:53:40',4,4.00,0.00,'A'),(269,'Publico en General','2015-05-21 19:29:54',41,41.50,0.00,'A'),(270,'Publico en General','2015-05-21 23:00:58',28,30.00,2.00,'A'),(271,'Publico en General','2015-05-21 23:39:47',194,200.00,5.50,'A'),(272,'Publico en General','2015-05-22 01:10:05',12,12.00,0.00,'A'),(273,'Publico en General','2015-05-22 01:46:53',25,25.00,0.00,'A'),(274,'Publico en General','2015-05-22 02:28:44',66,66.00,0.00,'A'),(275,'Publico en General','2015-05-22 14:59:27',20,50.00,29.50,'A'),(276,'Publico en General','2015-05-22 18:01:18',32,50.00,18.00,'A'),(277,'Publico en General','2015-05-22 18:02:38',18,100.00,81.50,'A'),(278,'Publico en General','2015-05-22 21:00:40',20,20.00,0.00,'A'),(279,'Publico en General','2015-05-22 22:07:59',26,40.00,14.00,'A'),(280,'Publico en General','2015-05-22 23:42:16',38,100.00,61.50,'A'),(281,'Publico en General','2015-05-23 00:40:37',4,20.00,16.00,'A'),(282,'Publico en General','2015-05-23 15:11:53',14,50.00,35.50,'A'),(283,'Publico en General','2015-05-23 17:22:39',33,33.00,0.00,'A'),(284,'Publico en General','2015-05-24 00:14:09',35,35.00,0.00,'A'),(285,'Publico en General','2015-05-24 00:46:14',82,100.00,18.00,'A'),(286,'Publico en General','2015-05-24 01:36:54',58,100.00,42.00,'A'),(287,'Publico en General','2015-05-24 01:38:55',58,100.00,42.00,'A'),(288,'Publico en General','2015-05-24 01:58:23',10,20.00,10.00,'A'),(289,'Publico en General','2015-05-25 15:46:47',32,100.00,67.50,'A'),(290,'Publico en General','2015-05-25 17:53:55',46,46.50,0.00,'A'),(291,'Publico en General','2015-05-25 23:03:00',9,20.00,10.50,'A'),(292,'Publico en General','2015-05-25 23:40:42',33,50.00,17.00,'A'),(293,'Publico en General','2015-05-26 00:17:42',38,50.00,11.50,'A'),(294,'Publico en General','2015-05-26 00:29:18',15,200.00,185.00,'A'),(295,'Publico en General','2015-05-26 00:31:50',11,11.00,0.00,'A'),(296,'Publico en General','2015-05-26 15:16:15',112,200.00,88.00,'A'),(297,'Publico en General','2015-05-26 15:21:27',60,100.00,40.00,'A'),(298,'Publico en General','2015-05-26 15:23:24',18,20.00,1.50,'A'),(299,'Publico en General','2015-05-27 02:04:39',27,27.00,0.00,'A'),(300,'Publico en General','2015-05-27 17:54:29',28,50.00,21.50,'A'),(301,'Publico en General','2015-05-27 21:12:38',17,17.00,0.00,'A'),(302,'Publico en General','2015-05-27 22:47:46',23,23.50,0.00,'A'),(303,'Publico en General','2015-05-27 23:35:38',8,10.00,2.00,'A'),(304,'Publico en General','2015-05-28 00:43:52',38,100.00,62.00,'A'),(305,'Publico en General','2015-05-28 15:04:58',76,100.00,24.00,'A'),(306,'Publico en General','2015-05-28 23:25:15',43,50.00,6.50,'A'),(307,'Publico en General','2015-05-29 01:18:03',36,200.00,163.50,'A'),(308,'Publico en General','2015-05-29 01:32:53',34,200.00,166.00,'A'),(309,'Publico en General','2015-05-29 19:26:14',36,40.00,4.00,'A'),(310,'Publico en General','2015-05-29 19:32:30',90,90.00,0.00,'A'),(311,'Publico en General','2015-05-30 01:31:54',41,50.00,8.50,'A'),(312,'Publico en General','2015-05-30 15:22:31',52,52.50,0.00,'A'),(313,'Publico en General','2015-05-30 18:54:10',34,34.50,0.00,'A'),(314,'Publico en General','2015-05-30 22:06:03',22,23.00,0.50,'A'),(315,'Publico en General','2015-05-30 22:34:26',90,100.00,10.00,'A'),(316,'Publico en General','2015-05-30 22:35:31',90,90.00,0.00,'A'),(317,'Publico en General','2015-05-31 00:08:51',117,117.00,0.00,'A'),(318,'Publico en General','2015-05-31 01:10:52',9,10.00,0.50,'A'),(319,'Publico en General','2015-06-01 15:34:02',41,50.50,9.00,'A'),(320,'Publico en General','2015-06-02 00:23:24',17,50.00,33.00,'A'),(321,'Publico en General','2015-06-02 15:49:01',15,20.00,4.50,'A'),(322,'Publico en General','2015-06-02 16:30:00',24,24.00,0.00,'A'),(323,'Publico en General','2015-06-02 17:02:15',44,44.50,0.00,'A'),(324,'Publico en General','2015-06-02 18:36:20',41,50.00,8.50,'A'),(325,'Publico en General','2015-06-02 18:44:09',121,121.00,0.00,'A'),(326,'Publico en General','2015-06-02 19:22:05',33,33.00,0.00,'A'),(327,'Publico en General','2015-06-02 19:42:21',32,50.00,17.50,'A'),(328,'Publico en General','2015-06-02 22:44:19',63,63.50,0.00,'A'),(329,'Publico en General','2015-06-02 22:45:37',45,50.00,4.50,'A'),(330,'Publico en General','2015-06-03 00:34:28',60,70.00,9.50,'A'),(331,'Publico en General','2015-06-03 02:00:16',38,50.00,11.50,'A'),(332,'Publico en General','2015-06-03 14:59:42',13,15.00,2.00,'A'),(333,'Publico en General','2015-06-03 15:05:20',144,144.00,0.00,'A'),(334,'Publico en General','2015-06-03 19:36:51',41,200.00,158.50,'A'),(335,'Publico en General','2015-06-04 01:07:37',35,50.00,14.50,'A'),(336,'Publico en General','2015-06-04 01:09:18',69,100.00,31.00,'A'),(337,'Publico en General','2015-06-04 01:55:27',11,200.00,189.00,'A'),(338,'Publico en General','2015-06-05 00:25:44',47,47.00,0.00,'A'),(339,'Publico en General','2015-06-05 00:49:17',38,38.50,0.00,'A'),(340,'Publico en General','2015-06-05 01:28:40',172,200.00,28.00,'A'),(341,'Publico en General','2015-06-05 01:31:08',30,30.00,0.00,'A'),(342,'Publico en General','2015-06-05 01:32:17',13,15.00,1.50,'A'),(343,'Publico en General','2015-06-05 01:41:39',34,50.00,16.00,'A'),(344,'Publico en General','2015-06-05 15:40:29',7,20.00,12.50,'A'),(345,'Publico en General','2015-06-05 17:41:48',66,200.00,134.00,'A'),(346,'Publico en General','2015-06-05 18:54:11',13,20.00,7.00,'A'),(347,'Publico en General','2015-06-06 00:11:00',17,17.00,0.00,'A'),(348,'Publico en General','2015-06-06 00:38:27',66,70.00,4.00,'A'),(349,'Publico en General','2015-06-06 01:42:10',72,100.00,28.00,'A'),(350,'Publico en General','2015-06-06 16:53:43',90,90.00,0.00,'A'),(351,'Publico en General','2015-06-06 17:04:41',400,400.50,0.00,'A'),(352,'Publico en General','2015-06-07 01:20:04',24,24.00,0.00,'A'),(353,'Publico en General','2015-06-08 16:42:59',41,41.50,0.00,'A'),(354,'Publico en General','2015-06-08 22:06:00',18,20.00,1.50,'A'),(355,'Publico en General','2015-06-08 22:31:45',37,37.00,0.00,'A'),(356,'Publico en General','2015-06-09 00:14:58',15,16.00,0.50,'A'),(357,'Publico en General','2015-06-09 15:08:52',33,35.00,2.00,'A'),(358,'Publico en General','2015-06-09 15:10:22',44,45.00,0.50,'A'),(359,'Publico en General','2015-06-09 17:43:13',53,53.00,0.00,'A'),(360,'Publico en General','2015-06-09 18:19:08',66,66.50,0.00,'A'),(361,'Publico en General','2015-06-09 18:19:35',66,100.00,33.50,'A'),(362,'Publico en General','2015-06-09 22:36:36',40,50.00,10.00,'A'),(363,'Publico en General','2015-06-10 00:07:56',25,25.00,0.00,'A'),(364,'Publico en General','2015-06-10 00:10:00',4,4.00,0.00,'A'),(365,'Publico en General','2015-06-10 01:27:21',13,14.00,0.50,'A'),(366,'Publico en General','2015-06-10 01:45:16',43,200.00,157.00,'A'),(367,'Publico en General','2015-06-10 16:23:40',19,100.00,80.50,'A'),(368,'Publico en General','2015-06-10 16:46:50',33,33.50,0.00,'A'),(369,'Publico en General','2015-06-10 23:31:46',73,100.00,27.00,'A'),(370,'Publico en General','2015-06-10 23:37:09',10,10.00,0.00,'A'),(371,'Publico en General','2015-06-11 00:12:48',85,85.00,0.00,'A'),(372,'Publico en General','2015-06-11 01:10:15',14,14.00,0.00,'A'),(373,'Publico en General','2015-06-11 01:40:53',33,33.00,0.00,'A'),(374,'Publico en General','2015-06-11 16:26:13',15,15.50,0.00,'A'),(375,'Publico en General','2015-06-11 16:58:13',44,50.00,5.50,'A'),(376,'Publico en General','2015-06-11 19:26:37',15,15.00,0.00,'A'),(377,'Publico en General','2015-06-11 20:40:37',16,50.00,33.50,'A'),(378,'Publico en General','2015-06-11 21:09:50',32,50.00,18.00,'A'),(379,'Publico en General','2015-06-11 22:36:42',14,20.00,5.50,'A'),(380,'Publico en General','2015-06-11 22:37:02',14,20.00,5.50,'A'),(381,'Publico en General','2015-06-11 23:07:29',47,200.00,152.50,'A'),(382,'Publico en General','2015-06-12 00:19:19',26,50.00,24.00,'A'),(383,'Publico en General','2015-06-12 01:37:47',20,20.00,0.00,'A'),(384,'Publico en General','2015-06-12 01:41:30',13,15.00,1.50,'A'),(385,'Publico en General','2015-06-12 15:29:59',30,30.00,0.00,'A'),(386,'Publico en General','2015-06-12 16:31:31',33,100.00,66.50,'A'),(387,'Publico en General','2015-06-12 16:32:26',39,100.00,60.50,'A'),(388,'Publico en General','2015-06-12 18:02:53',50,100.00,49.50,'A'),(389,'Publico en General','2015-06-13 00:32:05',24,24.00,0.00,'A'),(390,'Publico en General','2015-06-13 00:36:20',72,200.00,128.00,'A'),(391,'Publico en General','2015-06-13 15:55:52',89,100.00,11.00,'A'),(392,'Publico en General','2015-06-13 15:58:39',30,30.00,0.00,'A'),(393,'Publico en General','2015-06-13 16:41:44',6,6.50,0.00,'A'),(394,'Publico en General','2015-06-13 17:31:10',38,38.50,0.00,'A'),(395,'Publico en General','2015-06-13 18:02:45',14,14.50,0.00,'A'),(396,'Publico en General','2015-06-13 19:43:03',16,100.00,84.00,'A'),(397,'Publico en General','2015-06-13 20:49:50',62,62.50,0.00,'A'),(398,'Publico en General','2015-06-13 21:38:44',67,100.00,32.50,'A'),(399,'Publico en General','2015-06-13 21:56:10',8,10.00,2.00,'A'),(400,'Publico en General','2015-06-13 23:10:58',45,50.00,4.50,'A'),(401,'Publico en General','2015-06-13 23:22:05',57,57.00,0.00,'A'),(402,'Publico en General','2015-06-13 23:24:24',14,15.00,1.00,'A'),(403,'Publico en General','2015-06-14 00:10:02',24,100.00,76.00,'A'),(404,'Publico en General','2015-06-14 00:33:42',64,100.00,36.00,'A'),(405,'Publico en General','2015-06-14 01:09:46',40,100.00,60.00,'A'),(406,'Publico en General','2015-06-15 21:53:54',30,30.00,0.00,'A'),(407,'Publico en General','2015-06-15 21:57:52',8,8.50,0.00,'A'),(408,'Publico en General','2015-06-15 22:12:16',205,205.00,0.00,'A'),(409,'Publico en General','2015-06-15 22:15:45',8,10.00,2.00,'A'),(410,'Publico en General','2015-06-15 23:17:16',18,18.00,0.00,'A'),(411,'Publico en General','2015-06-15 23:18:03',450,450.00,0.00,'A'),(412,'Publico en General','2015-06-16 00:02:56',40,40.00,0.00,'A'),(413,'Publico en General','2015-06-16 00:07:57',6,6.00,0.00,'A'),(414,'Publico en General','2015-06-16 01:18:06',35,50.00,15.00,'A'),(415,'Publico en General','2015-06-16 01:55:03',27,29.00,1.50,'A'),(416,'Publico en General','2015-06-16 19:37:09',23,50.00,27.00,'A'),(417,'Publico en General','2015-06-16 22:42:18',29,29.00,0.00,'A'),(418,'Publico en General','2015-06-16 22:55:12',14,14.00,0.00,'A'),(419,'Publico en General','2015-06-16 23:30:47',20,20.00,0.00,'A'),(420,'Publico en General','2015-06-17 00:10:42',15,15.50,0.00,'A'),(421,'Publico en General','2015-06-17 00:12:49',15,15.50,0.00,'A'),(422,'Publico en General','2015-06-17 15:00:25',17,20.00,3.00,'A'),(423,'Publico en General','2015-06-17 15:10:19',30,50.00,20.00,'A'),(424,'Publico en General','2015-06-17 16:04:22',39,100.00,61.00,'A'),(425,'Publico en General','2015-06-17 18:33:20',162,162.50,0.00,'A'),(426,'Publico en General','2015-06-17 18:50:21',52,100.00,47.50,'A'),(427,'Publico en General','2015-06-17 23:31:15',127,200.00,73.00,'A'),(428,'Publico en General','2015-06-18 01:35:25',88,100.00,11.50,'A'),(429,'Publico en General','2015-06-18 01:42:45',26,50.00,24.00,'A'),(430,'Publico en General','2015-06-18 16:47:20',28,28.00,0.00,'A'),(431,'Publico en General','2015-06-18 17:14:41',8,8.50,0.00,'A'),(432,'Publico en General','2015-06-18 19:44:19',17,17.00,0.00,'A'),(433,'Publico en General','2015-06-18 20:14:16',33,33.00,0.00,'A'),(434,'Publico en General','2015-06-18 21:10:13',38,39.00,0.50,'A'),(435,'Publico en General','2015-06-19 00:33:04',32,50.00,18.00,'A'),(436,'Publico en General','2015-06-19 01:31:26',13,20.00,7.00,'A'),(437,'Publico en General','2015-06-19 01:46:14',26,200.00,174.00,'A'),(438,'Publico en General','2015-06-19 15:51:47',14,20.00,6.00,'A'),(439,'Publico en General','2015-06-19 16:19:14',16,16.00,0.00,'A'),(440,'Publico en General','2015-06-19 18:14:41',33,50.00,17.00,'A'),(441,'Publico en General','2015-06-19 20:24:28',35,35.00,0.00,'A'),(442,'Publico en General','2015-06-19 21:21:47',45,45.50,0.00,'A'),(443,'Publico en General','2015-06-19 22:48:38',62,100.00,38.00,'A'),(444,'Publico en General','2015-06-20 01:27:48',58,58.00,0.00,'A'),(445,'Publico en General','2015-06-20 01:51:10',14,15.00,0.50,'A'),(446,'Publico en General','2015-06-20 15:01:43',30,50.00,19.50,'A'),(447,'Publico en General','2015-06-20 15:25:14',26,200.00,174.00,'A'),(448,'Publico en General','2015-06-20 15:25:51',25,200.00,175.00,'A'),(449,'Publico en General','2015-06-20 15:57:27',42,42.50,0.00,'A'),(450,'Publico en General','2015-06-20 15:58:37',44,44.50,0.00,'A'),(451,'Publico en General','2015-06-20 17:48:29',19,100.00,80.50,'A'),(452,'Publico en General','2015-06-20 17:53:37',44,44.50,0.00,'A'),(453,'Publico en General','2015-06-20 17:59:47',6,6.50,0.00,'A'),(454,'Publico en General','2015-06-20 20:53:04',34,50.00,16.00,'A'),(455,'Publico en General','2015-06-20 21:49:45',33,50.00,17.00,'A'),(456,'Publico en General','2015-06-20 22:25:57',14,14.00,0.00,'A'),(457,'Publico en General','2015-06-20 22:35:52',16,16.00,0.00,'A'),(458,'Publico en General','2015-06-20 22:37:20',3,3.00,0.00,'A'),(459,'Publico en General','2015-06-20 23:27:20',42,50.00,8.00,'A'),(460,'Publico en General','2015-06-21 00:40:53',167,167.50,0.00,'A'),(461,'Publico en General','2015-06-21 01:04:04',52,52.00,0.00,'A'),(462,'Publico en General','2015-06-21 01:29:05',60,65.00,5.00,'A'),(463,'Publico en General','2015-06-21 01:29:35',60,60.00,0.00,'A'),(464,'Publico en General','2015-06-21 02:01:16',15,21.50,6.00,'A'),(465,'Publico en General','2015-06-22 20:03:19',75,100.00,25.00,'A'),(466,'Publico en General','2015-06-22 20:38:32',90,90.00,0.00,'A'),(467,'Publico en General','2015-06-22 21:35:36',32,32.50,0.00,'A'),(468,'Publico en General','2015-06-22 21:37:12',33,40.00,7.00,'A'),(469,'Publico en General','2015-06-22 23:10:30',27,100.00,72.50,'A'),(470,'Publico en General','2015-06-22 23:58:11',34,34.00,0.00,'A'),(471,'Publico en General','2015-06-23 01:12:49',40,50.00,10.00,'A'),(472,'Publico en General','2015-06-23 01:40:37',32,50.00,17.50,'A'),(473,'Publico en General','2015-06-23 01:57:18',17,20.00,3.00,'A'),(474,'Publico en General','2015-06-23 16:23:18',14,14.00,0.00,'A'),(475,'Publico en General','2015-06-23 18:48:42',66,100.00,34.00,'A'),(476,'Publico en General','2015-06-23 20:14:33',26,26.00,0.00,'A'),(477,'Publico en General','2015-06-24 00:17:28',37,37.50,0.00,'A'),(478,'Publico en General','2015-06-24 00:44:49',39,50.00,11.00,'A'),(479,'Publico en General','2015-06-24 15:42:59',36,36.50,0.00,'A'),(480,'Publico en General','2015-06-24 15:48:43',15,15.00,0.00,'A'),(481,'Publico en General','2015-06-24 21:30:42',23,23.50,0.00,'A'),(482,'Publico en General','2015-06-25 00:39:12',174,500.00,326.00,'A'),(483,'Publico en General','2015-06-25 01:44:43',117,120.00,3.00,'A'),(484,'Publico en General','2015-06-25 15:27:50',44,50.00,5.50,'A'),(485,'Publico en General','2015-06-25 22:10:57',43,43.00,0.00,'A'),(486,'Publico en General','2015-06-25 22:13:09',34,34.00,0.00,'A'),(487,'Publico en General','2015-06-25 22:14:16',17,17.50,0.00,'A'),(488,'Publico en General','2015-06-26 00:51:16',42,42.00,0.00,'A'),(489,'Publico en General','2015-06-26 01:39:46',52,52.00,0.00,'A'),(490,'Publico en General','2015-06-26 01:41:36',66,66.50,0.00,'A'),(491,'Publico en General','2015-06-26 01:55:48',56,100.00,44.00,'A'),(492,'Publico en General','2015-06-26 15:49:38',17,17.00,0.00,'A'),(493,'Publico en General','2015-06-26 21:56:32',56,56.00,0.00,'A'),(494,'Publico en General','2015-06-27 17:48:03',53,53.00,0.00,'A'),(495,'Publico en General','2015-06-27 17:52:03',53,53.00,0.00,'A'),(496,'Publico en General','2015-06-27 19:42:06',33,33.00,0.00,'A'),(497,'Publico en General','2015-06-27 21:33:40',69,100.00,30.50,'A'),(498,'Publico en General','2015-06-27 22:04:13',69,100.00,30.50,'A'),(499,'Publico en General','2015-06-27 22:07:42',86,86.00,0.00,'A'),(500,'Publico en General','2015-06-27 22:10:29',86,86.00,0.00,'A'),(501,'Publico en General','2015-06-27 22:51:01',17,17.00,0.00,'A'),(502,'Publico en General','2015-06-27 23:33:55',42,50.00,7.50,'A'),(503,'Publico en General','2015-06-28 01:39:47',56,100.00,44.00,'A'),(504,'Publico en General','2015-06-28 01:43:28',38,38.50,0.00,'A'),(505,'Publico en General','2015-06-28 01:53:11',90,90.00,0.00,'A'),(506,'Publico en General','2015-06-29 16:38:26',9,9.50,0.00,'A'),(507,'Publico en General','2015-06-29 23:24:28',150,150.00,0.00,'A'),(508,'Publico en General','2015-06-29 23:29:57',66,100.00,33.50,'A'),(509,'Publico en General','2015-06-29 23:42:17',35,50.00,15.00,'A'),(510,'Publico en General','2015-06-30 00:08:37',36,200.00,163.50,'A'),(511,'Publico en General','2015-06-30 00:48:25',41,50.00,9.00,'A');
/*!40000 ALTER TABLE `ventas` ENABLE KEYS */;
UNLOCK TABLES;
/*!40103 SET TIME_ZONE=@OLD_TIME_ZONE */;

/*!40101 SET SQL_MODE=@OLD_SQL_MODE */;
/*!40014 SET FOREIGN_KEY_CHECKS=@OLD_FOREIGN_KEY_CHECKS */;
/*!40014 SET UNIQUE_CHECKS=@OLD_UNIQUE_CHECKS */;
/*!40101 SET CHARACTER_SET_CLIENT=@OLD_CHARACTER_SET_CLIENT */;
/*!40101 SET CHARACTER_SET_RESULTS=@OLD_CHARACTER_SET_RESULTS */;
/*!40101 SET COLLATION_CONNECTION=@OLD_COLLATION_CONNECTION */;
/*!40111 SET SQL_NOTES=@OLD_SQL_NOTES */;

-- Dump completed on 2015-06-29 19:21:14
